lon,lat,magnitude,time_string,depth,catalog_id,event_id
173.1771,-42.5618,3.6000,2016-11-20T22:13:33,10.00,0,0
166.8371,-45.3197,3.6000,2016-11-20T10:29:06,10.00,1,0
173.8798,-42.3218,4.0000,2016-11-20T21:23:09,10.00,1,0
166.8610,-45.3085,3.8000,2016-11-20T11:10:04,10.00,1,0
172.8545,-42.7698,3.9000,2016-11-20T14:37:53,10.00,2,0
173.6789,-42.1674,3.8000,2016-11-20T01:53:51,10.00,2,0
173.4896,-42.1671,4.2000,2016-11-20T03:21:45,10.00,2,0
173.1482,-42.4057,4.5000,2016-11-20T22:19:23,10.00,2,0
172.9902,-42.5242,3.6000,2016-11-20T02:27:36,10.00,2,0
174.0882,-41.7068,4.1000,2016-11-20T01:14:00,10.00,2,0
173.1884,-42.5466,3.9000,2016-11-20T03:10:31,10.00,2,0
173.6847,-42.1564,3.9000,2016-11-20T15:07:13,10.00,2,0
173.2021,-42.4362,3.8000,2016-11-20T22:52:34,10.00,2,0
173.1003,-42.3824,4.5000,2016-11-20T22:46:10,10.00,2,0
176.8282,-39.7153,3.7000,2016-11-20T21:49:52,10.00,3,0
176.9232,-39.7723,3.6000,2016-11-20T21:50:43,10.00,3,0
172.9637,-42.8256,4.1000,2016-11-20T22:11:22,10.00,3,0
173.0692,-42.5340,3.9000,2016-11-20T00:02:07,10.00,3,0
173.6047,-42.2733,3.9000,2016-11-20T15:06:56,10.00,3,0
176.8882,-39.7799,4.1000,2016-11-20T23:17:11,10.00,3,0
173.0128,-42.8466,3.6000,2016-11-20T22:29:53,10.00,3,0
176.9265,-39.7634,3.7000,2016-11-20T23:18:59,10.00,3,0
176.9279,-39.7823,5.4000,2016-11-20T23:17:30,10.00,3,0
176.9148,-39.7758,3.6000,2016-11-20T23:20:31,10.00,3,0
176.9228,-39.8011,4.1000,2016-11-20T23:18:49,10.00,3,0
174.0327,-41.7282,3.8000,2016-11-20T18:28:30,10.00,4,0
173.6346,-42.0983,4.0000,2016-11-20T04:39:34,10.00,4,0
173.5477,-42.4201,4.2000,2016-11-20T18:35:55,10.00,4,0
174.0427,-41.7342,3.6000,2016-11-20T18:41:50,10.00,4,0
174.1807,-41.7533,4.3000,2016-11-20T01:43:54,10.00,5,0
174.1632,-41.7372,4.4000,2016-11-20T05:17:13,10.00,5,0
173.0291,-42.6685,5.1000,2016-11-20T01:08:22,10.00,6,0
173.7990,-42.3937,4.3000,2016-11-20T17:28:20,10.00,6,0
173.8415,-42.3669,3.6000,2016-11-20T14:00:03,10.00,6,0
174.2847,-41.7655,3.7000,2016-11-20T02:31:03,10.00,6,0
173.0335,-42.6561,3.7000,2016-11-20T02:21:14,10.00,6,0
173.0277,-42.6758,4.5000,2016-11-20T04:15:39,10.00,6,0
173.1302,-42.4958,4.6000,2016-11-20T08:05:47,10.00,6,0
173.0589,-42.6737,4.6000,2016-11-20T01:11:57,10.00,6,0
172.9731,-42.7386,4.1000,2016-11-20T01:41:35,10.00,6,0
173.1283,-42.8195,4.6000,2016-11-20T02:10:05,10.00,6,0
173.0476,-42.7080,4.6000,2016-11-20T04:20:01,10.00,6,0
173.0326,-42.6238,4.0000,2016-11-20T04:20:09,10.00,6,0
173.0262,-42.6912,3.7000,2016-11-20T04:41:00,10.00,6,0
173.0055,-42.6718,3.7000,2016-11-20T04:34:06,10.00,6,0
172.9761,-42.6605,3.7000,2016-11-20T04:23:09,10.00,6,0
173.1746,-42.4439,3.9000,2016-11-20T08:08:05,10.00,6,0
173.1566,-42.6578,4.9000,2016-11-20T17:50:28,10.00,6,0
173.0803,-42.6848,3.8000,2016-11-20T01:55:54,10.00,6,0
173.1182,-42.6548,4.1000,2016-11-20T17:59:50,10.00,6,0
173.1762,-42.6533,3.9000,2016-11-20T19:57:04,10.00,6,0
173.0992,-42.6725,3.9000,2016-11-20T03:42:34,10.00,6,0
173.1710,-42.6724,3.7000,2016-11-20T19:59:18,10.00,6,0
174.3283,-41.7213,3.6000,2016-11-20T22:35:53,10.00,7,0
173.8271,-42.3137,4.5000,2016-11-20T10:51:54,10.00,7,0
173.8257,-42.3162,4.1000,2016-11-20T21:06:44,10.00,7,0
173.9196,-42.2944,3.9000,2016-11-20T11:49:38,10.00,7,0
173.0743,-42.6019,4.1000,2016-11-20T01:51:37,10.00,8,0
173.1787,-42.6193,3.7000,2016-11-20T20:24:29,10.00,8,0
174.0790,-42.0355,3.6000,2016-11-20T01:03:00,10.00,8,0
173.7502,-41.9760,3.7000,2016-11-20T12:54:16,10.00,9,0
172.7492,-42.8467,3.8000,2016-11-20T07:49:47,10.00,9,0
174.3161,-41.7221,3.8000,2016-11-20T21:16:59,10.00,9,0
173.8473,-41.9824,4.7000,2016-11-20T02:45:18,10.00,9,0
172.7683,-42.8493,3.7000,2016-11-20T07:57:15,10.00,9,0
172.9621,-42.6754,3.8000,2016-11-20T04:23:03,10.00,10,0
173.6457,-42.2715,3.7000,2016-11-20T17:51:01,10.00,10,0
172.7705,-42.6535,4.2000,2016-11-20T20:27:52,10.00,10,0
174.2882,-41.6535,4.7000,2016-11-20T13:09:41,10.00,10,0
174.2235,-41.7009,3.6000,2016-11-20T11:55:59,10.00,10,0
173.6296,-42.2858,3.6000,2016-11-20T17:51:20,10.00,10,0
173.7950,-42.2643,5.9000,2016-11-20T05:01:26,10.00,11,0
174.3995,-41.7203,3.9000,2016-11-20T16:13:29,10.00,11,0
173.7807,-42.2792,4.8000,2016-11-20T05:34:10,10.00,11,0
173.6902,-42.2668,4.0000,2016-11-20T05:45:29,10.00,11,0
173.8675,-42.2612,3.6000,2016-11-20T05:01:35,10.00,11,0
173.8667,-42.2416,4.1000,2016-11-20T05:25:56,10.00,11,0
173.7960,-42.1957,3.9000,2016-11-20T12:50:04,10.00,12,0
174.2706,-41.7718,4.1000,2016-11-20T15:22:29,10.00,12,0
174.2852,-41.7103,4.1000,2016-11-20T22:45:10,10.00,12,0
174.2732,-41.7209,4.0000,2016-11-20T08:24:20,10.00,12,0
174.3002,-41.6964,3.8000,2016-11-20T08:31:35,10.00,12,0
173.7543,-42.0222,4.0000,2016-11-20T12:52:31,10.00,13,0
173.0246,-42.6181,4.2000,2016-11-20T10:20:11,10.00,13,0
174.1996,-41.7257,4.9000,2016-11-20T14:40:56,10.00,13,0
173.8165,-42.2822,3.8000,2016-11-20T11:43:21,10.00,13,0
173.8191,-41.9490,3.7000,2016-11-20T13:43:39,10.00,13,0
173.0082,-42.6108,3.9000,2016-11-20T10:20:27,10.00,13,0
173.0255,-42.6297,3.8000,2016-11-20T11:01:35,10.00,13,0
174.4703,-41.0617,3.7000,2016-11-20T19:19:46,10.00,13,0
173.9583,-42.1378,3.8000,2016-11-20T17:06:49,10.00,13,0
173.6989,-42.2759,4.9000,2016-11-20T12:50:35,10.00,14,0
174.1492,-42.3201,3.9000,2016-11-20T02:31:16,10.00,14,0
173.8958,-42.2314,3.6000,2016-11-20T01:23:16,10.00,14,0
173.6861,-42.2696,3.9000,2016-11-20T12:52:31,10.00,14,0
172.8335,-42.5570,3.6000,2016-11-20T03:10:16,10.00,15,0
174.1830,-41.7905,3.8000,2016-11-20T14:42:40,10.00,15,0
173.2370,-42.5208,3.6000,2016-11-20T10:09:51,10.00,15,0
173.5075,-42.3653,3.8000,2016-11-20T09:49:54,10.00,15,0
174.2997,-41.7809,3.6000,2016-11-20T02:58:48,10.00,15,0
174.3163,-41.7805,3.7000,2016-11-20T22:25:04,10.00,15,0
174.0833,-41.6527,4.1000,2016-11-20T09:06:56,10.00,16,0
173.9904,-41.4268,4.1000,2016-11-20T09:19:10,10.00,16,0
173.0734,-42.6927,4.1000,2016-11-20T09:14:22,10.00,17,0
172.9775,-42.6907,5.0000,2016-11-20T05:41:17,10.00,17,0
173.8522,-42.3938,4.4000,2016-11-20T15:07:01,10.00,17,0
173.6046,-42.2331,4.0000,2016-11-20T23:05:43,10.00,17,0
173.6552,-42.3427,4.3000,2016-11-20T19:12:47,10.00,17,0
174.2724,-41.7565,4.3000,2016-11-20T13:14:23,10.00,17,0
173.8059,-42.4148,4.1000,2016-11-20T15:36:35,10.00,17,0
173.9106,-42.3942,4.6000,2016-11-20T18:12:36,10.00,17,0
173.8256,-42.4101,4.3000,2016-11-20T16:50:36,10.00,17,0
173.9900,-42.1394,4.5000,2016-11-20T18:20:47,10.00,17,0
173.9911,-42.1660,4.2000,2016-11-20T18:22:59,10.00,17,0
173.7297,-41.9586,3.6000,2016-11-20T18:48:37,10.00,17,0
172.9915,-42.4360,3.7000,2016-11-20T05:20:34,10.00,18,0
172.8867,-42.3565,3.7000,2016-11-20T01:59:34,10.00,18,0
174.2267,-41.6827,3.6000,2016-11-20T17:18:43,10.00,18,0
174.0726,-41.8816,4.5000,2016-11-20T08:35:02,10.00,18,0
173.6982,-41.9363,4.0000,2016-11-20T03:47:38,10.00,19,0
173.5827,-42.1979,3.6000,2016-11-20T04:59:00,10.00,19,0
174.1928,-41.7582,5.3000,2016-11-20T18:10:55,10.00,19,0
174.3946,-41.9369,4.3000,2016-11-20T21:01:43,10.00,19,0
174.2172,-41.7258,4.0000,2016-11-20T17:58:45,10.00,19,0
173.8120,-42.0602,4.0000,2016-11-20T10:34:17,10.00,19,0
172.8959,-42.6183,3.9000,2016-11-20T04:56:59,10.00,20,0
173.7127,-42.0149,4.3000,2016-11-20T14:04:41,10.00,20,0
173.6791,-42.3324,3.9000,2016-11-20T08:43:01,10.00,20,0
173.1234,-42.5745,3.9000,2016-11-20T04:52:31,10.00,20,0
174.1257,-42.0739,3.6000,2016-11-20T01:47:46,10.00,20,0
173.8193,-42.0460,3.8000,2016-11-20T17:02:53,10.00,20,0
173.7006,-42.0114,4.1000,2016-11-20T14:27:43,10.00,20,0
173.9007,-42.0652,3.7000,2016-11-20T17:33:17,10.00,20,0
173.6709,-42.0305,3.7000,2016-11-20T21:49:57,10.00,20,0
173.9371,-42.0219,3.9000,2016-11-20T20:11:14,10.00,20,0
173.0105,-42.9712,4.3000,2016-11-20T12:38:09,10.00,21,0
173.7487,-42.0329,3.7000,2016-11-20T14:18:21,10.00,21,0
174.2007,-41.7256,4.1000,2016-11-20T21:59:41,10.00,21,0
173.1025,-42.6699,4.0000,2016-11-20T06:25:33,10.00,21,0
173.0483,-42.6279,4.0000,2016-11-20T06:52:02,10.00,21,0
172.9455,-42.7131,3.6000,2016-11-20T05:42:11,10.00,22,0
172.6590,-42.9277,5.3000,2016-11-20T09:00:10,10.00,22,0
173.6850,-41.9878,3.7000,2016-11-20T19:10:06,10.00,22,0
173.6669,-42.2755,4.6000,2016-11-20T22:07:34,10.00,22,0
173.1555,-42.5248,4.6000,2016-11-20T16:43:15,10.00,22,0
174.1995,-41.7541,5.5000,2016-11-20T07:29:19,10.00,22,0
173.8655,-42.2437,3.6000,2016-11-20T07:36:18,10.00,22,0
172.7868,-42.8822,4.0000,2016-11-20T12:26:55,10.00,22,0
173.2540,-42.1560,3.6000,2016-11-20T05:34:07,10.00,23,0
173.1521,-42.5249,3.9000,2016-11-20T02:18:55,10.00,23,0
173.6943,-42.2204,4.5000,2016-11-20T09:32:25,10.00,23,0
172.2859,-41.0917,4.3000,2016-11-20T03:38:09,10.00,23,0
172.2793,-41.0903,3.6000,2016-11-20T03:54:08,10.00,23,0
172.4995,-42.3207,3.9000,2016-11-20T16:53:38,10.00,24,0
174.3345,-41.8171,3.6000,2016-11-20T20:02:58,10.00,24,0
174.1581,-41.7382,4.3000,2016-11-20T04:48:20,10.00,25,0
174.1384,-41.8505,3.6000,2016-11-20T07:14:22,10.00,25,0
173.8858,-42.0355,3.8000,2016-11-20T22:34:59,10.00,25,0
174.0860,-41.8531,3.8000,2016-11-20T07:14:26,10.00,25,0
174.2110,-41.9272,3.6000,2016-11-20T07:15:44,10.00,25,0
173.8849,-42.0380,4.4000,2016-11-20T22:38:34,10.00,25,0
173.9839,-41.9312,3.6000,2016-11-20T07:22:34,10.00,25,0
173.1135,-42.7317,4.1000,2016-11-20T04:41:18,10.00,26,0
172.7803,-42.8366,5.7000,2016-11-20T03:05:29,10.00,26,0
173.1038,-42.7321,3.7000,2016-11-20T05:45:32,10.00,26,0
173.1173,-42.7180,4.6000,2016-11-20T09:37:20,10.00,26,0
172.7603,-42.7956,3.7000,2016-11-20T16:23:01,10.00,26,0
172.8332,-43.0766,3.8000,2016-11-20T12:52:21,10.00,26,0
173.0030,-42.6556,3.6000,2016-11-20T07:43:59,10.00,27,0
174.3268,-41.7502,4.1000,2016-11-20T09:55:39,10.00,27,0
174.9711,-41.4361,3.6000,2016-11-20T18:13:37,10.00,27,0
173.5094,-42.2326,3.6000,2016-11-20T15:28:43,10.00,27,0
172.2722,-42.2171,3.8000,2016-11-20T16:24:13,10.00,27,0
173.0618,-42.7090,3.6000,2016-11-20T08:50:10,10.00,28,0
174.3108,-41.7899,4.1000,2016-11-20T11:06:48,10.00,28,0
173.8501,-41.9584,4.1000,2016-11-20T14:17:06,10.00,28,0
174.3259,-41.7689,4.7000,2016-11-20T17:38:25,10.00,28,0
174.2705,-41.7697,4.4000,2016-11-20T11:27:00,10.00,28,0
174.3913,-41.7666,3.7000,2016-11-20T18:23:35,10.00,28,0
174.3571,-41.7617,3.9000,2016-11-20T17:38:31,10.00,28,0
174.2873,-41.7098,3.9000,2016-11-20T11:29:31,10.00,28,0
174.2761,-41.7490,3.7000,2016-11-20T17:38:35,10.00,28,0
173.7973,-42.3375,3.9000,2016-11-20T03:22:11,10.00,29,0
173.5935,-42.2995,3.6000,2016-11-20T13:54:51,10.00,29,0
172.8341,-42.6832,3.9000,2016-11-20T18:56:39,10.00,29,0
173.8106,-42.3302,4.8000,2016-11-20T03:25:32,10.00,29,0
173.9677,-42.3952,3.6000,2016-11-20T03:39:43,10.00,29,0
173.7095,-42.0085,4.0000,2016-11-20T13:22:46,10.00,30,0
173.8583,-42.2464,3.8000,2016-11-20T22:07:52,10.00,30,0
172.6467,-42.5667,3.7000,2016-11-20T02:07:55,10.00,30,0
173.0585,-42.9456,4.3000,2016-11-20T05:23:54,10.00,31,0
173.7984,-42.3128,3.9000,2016-11-20T11:45:02,10.00,31,0
174.3516,-41.7757,4.1000,2016-11-20T00:02:27,10.00,31,0
173.6671,-42.4108,3.7000,2016-11-20T17:54:39,10.00,31,0
173.0954,-42.9263,3.6000,2016-11-20T05:44:55,10.00,31,0
170.7942,-41.8931,4.6000,2016-11-20T00:35:31,10.00,32,0
173.4079,-42.1898,3.9000,2016-11-20T14:58:59,10.00,32,0
173.9219,-42.1688,3.8000,2016-11-20T13:55:12,10.00,32,0
174.0636,-41.9962,3.8000,2016-11-20T13:24:48,10.00,32,0
170.8311,-41.9170,5.0000,2016-11-20T02:07:52,10.00,32,0
173.3451,-42.1890,4.3000,2016-11-20T17:22:34,10.00,32,0
170.8361,-41.9314,3.7000,2016-11-20T02:18:49,10.00,32,0
170.8392,-41.9161,3.7000,2016-11-20T02:52:34,10.00,32,0
173.3419,-42.1681,3.7000,2016-11-20T18:36:32,10.00,32,0
170.8642,-41.8970,4.8000,2016-11-20T03:05:47,10.00,32,0
173.1436,-42.2207,3.6000,2016-11-20T19:18:05,10.00,32,0
170.8631,-41.8833,3.7000,2016-11-20T03:11:41,10.00,32,0
170.8871,-41.9259,4.3000,2016-11-20T03:14:21,10.00,32,0
173.7058,-42.0023,3.6000,2016-11-20T10:49:20,10.00,33,0
173.7644,-42.4091,4.3000,2016-11-20T09:53:25,10.00,33,0
172.4982,-42.8495,3.6000,2016-11-20T23:38:22,10.00,33,0
173.8616,-42.0944,4.6000,2016-11-20T09:25:55,10.00,33,0
173.6792,-42.0215,3.6000,2016-11-20T12:58:37,10.00,33,0
173.8400,-42.0688,3.6000,2016-11-20T14:07:56,10.00,33,0
173.1624,-42.7942,4.0000,2016-11-20T08:31:48,10.00,34,0
173.4116,-42.3542,4.2000,2016-11-20T09:50:19,10.00,34,0
174.1966,-41.6952,4.0000,2016-11-20T22:03:29,10.00,34,0
174.2998,-41.7354,3.6000,2016-11-20T09:19:57,10.00,34,0
173.1448,-42.7852,3.7000,2016-11-20T14:38:15,10.00,34,0
173.3799,-42.3400,3.7000,2016-11-20T09:56:35,10.00,34,0
174.1796,-41.6953,5.2000,2016-11-20T23:47:48,10.00,34,0
173.7017,-42.3055,3.7000,2016-11-20T21:24:32,10.00,35,0
172.9044,-42.5596,4.6000,2016-11-20T12:07:01,10.00,35,0
174.1121,-42.0731,3.6000,2016-11-20T01:25:14,10.00,35,0
173.6754,-42.2786,3.7000,2016-11-20T21:31:13,10.00,35,0
173.6832,-42.2935,3.6000,2016-11-20T21:58:30,10.00,35,0
174.1509,-41.7674,3.8000,2016-11-20T13:29:41,10.00,36,0
172.9625,-42.6915,3.9000,2016-11-20T21:52:45,10.00,37,0
174.2074,-41.8461,3.6000,2016-11-20T15:45:38,10.00,37,0
173.6730,-42.3500,3.7000,2016-11-20T08:48:52,10.00,37,0
173.7826,-42.2142,3.8000,2016-11-20T13:48:59,10.00,37,0
174.0285,-41.9547,3.7000,2016-11-20T04:36:27,10.00,37,0
173.6443,-42.1702,3.6000,2016-11-20T07:59:45,10.00,37,0
174.2482,-41.9073,4.3000,2016-11-20T19:20:52,10.00,37,0
172.7396,-42.7642,4.1000,2016-11-20T00:48:37,10.00,38,0
173.6102,-42.3040,3.7000,2016-11-20T16:57:20,10.00,38,0
174.1491,-41.8457,3.8000,2016-11-20T01:49:56,10.00,38,0
173.8661,-42.2962,3.6000,2016-11-20T06:57:48,10.00,38,0
174.1646,-41.7975,3.6000,2016-11-20T11:48:23,10.00,38,0
174.3289,-41.7320,3.6000,2016-11-20T15:29:42,10.00,38,0
174.1981,-41.7943,3.8000,2016-11-20T01:51:02,10.00,38,0
174.2175,-41.8189,3.8000,2016-11-20T11:50:15,10.00,38,0
174.1946,-41.8145,3.6000,2016-11-20T01:58:05,10.00,38,0
174.2195,-41.6891,3.6000,2016-11-20T18:26:02,10.00,39,0
173.7872,-42.3457,4.0000,2016-11-20T15:55:57,10.00,40,0
173.4557,-42.0322,3.8000,2016-11-20T15:47:29,10.00,40,0
173.5906,-42.4011,4.2000,2016-11-20T21:43:19,10.00,40,0
173.4763,-42.0234,4.0000,2016-11-20T16:04:55,10.00,40,0
178.2189,-39.1222,3.6000,2016-11-20T17:56:41,10.00,41,0
173.0130,-42.7598,3.6000,2016-11-20T16:03:05,10.00,41,0
172.9110,-42.6388,3.6000,2016-11-20T12:02:20,10.00,41,0
173.4187,-42.2819,3.9000,2016-11-20T20:02:22,10.00,41,0
172.9929,-42.7042,4.4000,2016-11-20T16:50:44,10.00,41,0
173.7808,-42.8539,4.1000,2016-11-20T12:02:42,10.00,41,0
173.7797,-42.2614,3.6000,2016-11-20T07:23:06,10.00,42,0
174.2511,-41.7246,3.7000,2016-11-20T18:56:19,10.00,42,0
174.1733,-41.7261,5.4000,2016-11-20T03:39:58,10.00,42,0
173.8780,-42.2270,3.9000,2016-11-20T22:48:36,10.00,42,0
174.1870,-41.7443,3.6000,2016-11-20T04:12:31,10.00,42,0
174.9251,-39.2823,4.7000,2016-11-20T23:19:48,10.00,43,0
175.0433,-39.2799,3.6000,2016-11-20T23:42:40,10.00,43,0
172.9772,-42.6958,3.8000,2016-11-20T05:21:46,10.00,43,0
174.2269,-41.9697,3.6000,2016-11-20T00:18:01,10.00,43,0
173.1148,-42.4544,3.8000,2016-11-20T00:34:19,10.00,43,0
173.9338,-42.4144,3.8000,2016-11-20T17:59:27,10.00,43,0
174.1548,-41.6234,3.8000,2016-11-20T13:22:11,10.00,43,0
173.8029,-42.3559,3.8000,2016-11-20T23:40:48,10.00,43,0
175.0449,-39.3333,3.7000,2016-11-20T23:47:11,10.00,43,0
173.7199,-42.0083,3.6000,2016-11-20T22:53:22,10.00,44,0
173.7439,-41.9751,3.7000,2016-11-20T14:04:00,10.00,44,0
174.3237,-41.7491,3.8000,2016-11-20T12:28:07,10.00,44,0
172.7659,-42.5773,4.0000,2016-11-20T13:11:44,10.00,44,0
173.7508,-42.5042,4.5000,2016-11-20T19:41:57,10.00,44,0
174.2379,-41.7605,3.8000,2016-11-20T17:56:34,10.00,44,0
174.1688,-41.7804,3.9000,2016-11-20T22:56:03,10.00,45,0
174.0851,-41.9043,3.7000,2016-11-20T00:51:32,10.00,45,0
172.9889,-42.5429,3.8000,2016-11-20T22:22:03,10.00,46,0
173.4520,-42.3635,3.8000,2016-11-20T19:39:56,10.00,46,0
173.4618,-42.4310,3.6000,2016-11-20T01:16:14,10.00,46,0
173.6169,-42.1645,3.6000,2016-11-20T10:56:38,10.00,46,0
174.1947,-41.7435,4.5000,2016-11-20T15:12:30,10.00,46,0
173.4675,-42.3634,3.9000,2016-11-20T21:17:06,10.00,46,0
173.6839,-42.1564,4.0000,2016-11-20T11:54:13,10.00,46,0
173.5509,-42.1698,4.5000,2016-11-20T11:08:24,10.00,46,0
176.0678,-38.9622,3.9000,2016-11-20T11:56:23,10.00,47,0
172.9579,-42.6182,4.3000,2016-11-20T01:30:48,10.00,47,0
172.9489,-42.6537,3.7000,2016-11-20T01:34:42,10.00,47,0
172.9394,-42.6467,3.6000,2016-11-20T10:42:25,10.00,47,0
173.0507,-42.7277,4.5000,2016-11-20T16:17:16,10.00,48,0
172.9564,-42.7553,3.6000,2016-11-20T18:08:40,10.00,48,0
173.8188,-42.4180,4.1000,2016-11-20T17:15:47,10.00,48,0
173.6960,-42.3605,4.2000,2016-11-20T10:51:42,10.00,48,0
174.2462,-41.7435,5.7000,2016-11-20T14:33:34,10.00,48,0
173.4234,-42.3622,3.8000,2016-11-20T23:04:03,10.00,48,0
173.3862,-42.0594,3.6000,2016-11-20T05:15:30,10.00,48,0
174.3158,-41.7384,3.7000,2016-11-20T18:06:55,10.00,48,0
173.6643,-42.2960,3.9000,2016-11-20T00:11:50,10.00,48,0
173.6235,-42.2507,3.9000,2016-11-20T22:28:44,10.00,48,0
173.5300,-42.3496,3.6000,2016-11-20T17:35:52,10.00,48,0
173.0384,-42.6964,3.9000,2016-11-20T17:14:16,10.00,48,0
174.2854,-41.7455,3.7000,2016-11-20T14:37:37,10.00,48,0
174.2130,-41.7677,4.4000,2016-11-20T14:36:20,10.00,48,0
173.2314,-42.0489,3.9000,2016-11-20T05:24:15,10.00,48,0
173.1348,-42.7061,4.1000,2016-11-20T17:16:58,10.00,48,0
174.2619,-41.8348,3.9000,2016-11-20T22:21:46,10.00,48,0
177.6665,-38.1369,4.0000,2016-11-20T12:20:17,10.00,49,0
172.9625,-42.6162,4.4000,2016-11-20T14:57:40,10.00,49,0
173.1632,-42.4249,4.4000,2016-11-20T08:49:39,10.00,49,0
174.2682,-41.7906,3.8000,2016-11-20T15:20:03,10.00,49,0
173.3097,-42.4813,4.0000,2016-11-20T14:57:45,10.00,49,0
173.3781,-42.4570,3.7000,2016-11-20T15:51:56,10.00,49,0
173.0017,-42.6722,5.0000,2016-11-20T07:27:28,10.00,50,0
173.9597,-41.9972,4.2000,2016-11-20T12:49:27,10.00,50,0
174.3596,-41.6481,3.8000,2016-11-20T05:00:37,10.00,50,0
172.5076,-42.5327,3.7000,2016-11-20T15:08:11,10.00,50,0
172.9690,-42.6872,4.0000,2016-11-20T07:35:17,10.00,50,0
173.9882,-42.0115,3.7000,2016-11-20T14:55:35,10.00,50,0
174.3919,-41.6686,3.8000,2016-11-20T07:20:28,10.00,50,0
173.6140,-42.3447,3.6000,2016-11-20T03:06:53,10.00,51,0
173.6359,-41.9610,3.9000,2016-11-20T13:33:32,10.00,51,0
173.3315,-42.4592,3.8000,2016-11-20T22:33:33,10.00,51,0
173.6382,-41.9595,3.9000,2016-11-20T14:44:20,10.00,51,0
171.8439,-42.8223,4.6000,2016-11-20T06:25:17,10.00,52,0
173.0359,-42.8312,3.9000,2016-11-20T06:54:57,10.00,52,0
173.4137,-41.9134,3.6000,2016-11-20T18:10:47,10.00,52,0
174.3456,-41.8138,3.6000,2016-11-20T03:53:44,10.00,52,0
174.2545,-41.7701,3.7000,2016-11-20T04:52:23,10.00,52,0
173.1941,-42.5357,3.6000,2016-11-20T14:37:13,10.00,52,0
174.2775,-41.8304,3.9000,2016-11-20T08:24:38,10.00,52,0
171.8019,-42.8124,4.4000,2016-11-20T08:34:12,10.00,52,0
173.1564,-42.6122,4.7000,2016-11-20T13:21:53,10.00,53,0
173.1573,-42.4688,3.8000,2016-11-20T15:13:04,10.00,53,0
174.2765,-41.7233,3.6000,2016-11-20T21:28:00,10.00,53,0
174.3340,-41.7337,4.2000,2016-11-20T10:28:11,10.00,53,0
174.1515,-41.6841,3.7000,2016-11-20T19:52:36,10.00,53,0
173.1844,-42.5916,4.4000,2016-11-20T16:37:13,10.00,53,0
173.1561,-42.5900,3.6000,2016-11-20T13:50:28,10.00,53,0
174.3682,-41.7066,5.9000,2016-11-20T10:30:21,10.00,53,0
174.2936,-41.6954,3.7000,2016-11-20T18:31:37,10.00,53,0
174.3775,-41.7251,3.7000,2016-11-20T11:22:03,10.00,53,0
174.3933,-41.6393,3.9000,2016-11-20T23:22:51,10.00,53,0
174.0150,-41.7380,3.7000,2016-11-20T10:30:32,10.00,53,0
174.3976,-41.5837,5.1000,2016-11-20T14:37:37,10.00,53,0
174.1621,-41.7774,3.9000,2016-11-20T10:30:59,10.00,53,0
174.3414,-41.5936,3.6000,2016-11-20T15:41:17,10.00,53,0
174.6386,-41.4579,3.8000,2016-11-20T14:38:14,10.00,53,0
174.1532,-41.7562,3.8000,2016-11-20T12:36:25,10.00,53,0
174.1528,-41.7720,4.4000,2016-11-20T11:02:03,10.00,53,0
174.1874,-41.7475,3.6000,2016-11-20T14:32:06,10.00,53,0
173.8837,-42.1610,3.8000,2016-11-20T12:25:22,10.00,54,0
173.4970,-42.1885,5.0000,2016-11-20T19:13:09,10.00,54,0
174.3327,-41.6914,3.7000,2016-11-20T07:09:56,10.00,54,0
173.8762,-42.1547,3.9000,2016-11-20T12:35:12,10.00,54,0
174.3195,-41.6989,3.8000,2016-11-20T12:02:26,10.00,54,0
173.2076,-42.4618,3.6000,2016-11-20T20:20:42,10.00,55,0
173.8165,-42.2573,3.7000,2016-11-20T16:26:39,10.00,55,0
174.0837,-42.3510,4.1000,2016-11-20T19:44:07,10.00,55,0
174.0540,-41.8131,3.7000,2016-11-20T01:29:37,10.00,56,0
173.7627,-42.2757,3.7000,2016-11-20T19:07:16,10.00,56,0
174.2591,-41.7123,4.1000,2016-11-20T01:26:10,10.00,56,0
174.4099,-41.7421,3.8000,2016-11-20T10:15:24,10.00,56,0
168.2243,-44.4032,4.3000,2016-11-20T18:59:10,10.00,57,0
174.0131,-42.3338,4.4000,2016-11-20T03:24:41,10.00,57,0
172.9287,-42.6830,4.2000,2016-11-20T02:00:36,10.00,57,0
172.9119,-42.8153,4.0000,2016-11-20T06:46:24,10.00,57,0
173.9809,-42.3409,4.3000,2016-11-20T03:33:32,10.00,57,0
174.0024,-42.2999,4.0000,2016-11-20T05:28:02,10.00,57,0
172.8957,-42.8131,4.5000,2016-11-20T07:03:50,10.00,57,0
172.8941,-42.7418,3.7000,2016-11-20T08:15:31,10.00,57,0
172.9827,-42.7236,4.1000,2016-11-20T08:10:37,10.00,57,0
172.8976,-42.8304,3.8000,2016-11-20T07:26:43,10.00,57,0
173.1437,-42.8264,3.7000,2016-11-20T12:59:15,10.00,58,0
174.2271,-41.7186,3.6000,2016-11-20T04:21:06,10.00,58,0
174.1616,-41.6980,3.6000,2016-11-20T21:30:44,10.00,58,0
174.0442,-42.0601,3.9000,2016-11-20T07:59:16,10.00,58,0
173.7972,-42.1229,4.4000,2016-11-20T04:42:03,10.00,58,0
173.9920,-42.0590,3.9000,2016-11-20T08:02:29,10.00,58,0
174.0324,-42.0682,3.7000,2016-11-20T08:46:42,10.00,58,0
173.9663,-42.1213,3.6000,2016-11-20T10:12:20,10.00,58,0
173.7867,-42.1246,3.7000,2016-11-20T06:13:16,10.00,58,0
173.9492,-42.0278,4.0000,2016-11-20T08:02:36,10.00,58,0
173.6223,-41.9817,4.0000,2016-11-20T10:09:44,10.00,59,0
174.2682,-41.7386,4.2000,2016-11-20T21:21:57,10.00,59,0
173.9053,-42.3639,3.7000,2016-11-20T14:25:30,10.00,59,0
174.2929,-41.7035,3.9000,2016-11-20T07:18:38,10.00,59,0
173.6135,-42.0339,3.6000,2016-11-20T10:14:24,10.00,59,0
173.6313,-42.0368,4.0000,2016-11-20T11:47:30,10.00,59,0
173.5879,-42.0431,4.0000,2016-11-20T10:38:58,10.00,59,0
173.7547,-42.0106,3.9000,2016-11-20T18:16:21,10.00,59,0
173.7754,-42.0204,4.1000,2016-11-20T18:16:55,10.00,59,0
173.6751,-42.0562,3.7000,2016-11-20T23:07:31,10.00,60,0
173.1006,-42.6504,5.5000,2016-11-20T22:31:24,10.00,60,0
173.0854,-42.5840,5.1000,2016-11-20T06:24:14,10.00,61,0
174.0265,-42.0061,3.6000,2016-11-20T19:53:16,10.00,61,0
174.1041,-42.3769,4.8000,2016-11-20T22:18:55,10.00,61,0
172.7026,-42.6026,3.6000,2016-11-20T16:52:52,10.00,61,0
173.0833,-42.6322,3.9000,2016-11-20T12:45:17,10.00,61,0
173.0501,-42.5328,4.2000,2016-11-20T06:47:48,10.00,61,0
173.0893,-42.5815,4.4000,2016-11-20T06:51:19,10.00,61,0
174.0281,-42.0081,3.9000,2016-11-20T20:42:22,10.00,61,0
173.0956,-42.5920,4.1000,2016-11-20T09:24:26,10.00,61,0
173.0637,-42.5723,4.0000,2016-11-20T09:36:54,10.00,61,0
173.1859,-42.6003,3.6000,2016-11-20T04:18:46,10.00,62,0
174.2784,-41.7724,4.5000,2016-11-20T07:30:18,10.00,62,0
173.9945,-42.0129,3.8000,2016-11-20T08:40:54,10.00,62,0
173.1967,-42.6050,4.1000,2016-11-20T04:18:57,10.00,62,0
174.3153,-41.5870,3.9000,2016-11-20T07:31:22,10.00,62,0
166.5087,-46.5170,3.8000,2016-11-20T00:22:56,10.00,63,0
179.0485,-37.4672,3.6000,2016-11-20T04:10:51,10.00,63,0
172.5531,-42.9040,5.0000,2016-11-20T03:50:30,10.00,63,0
172.5817,-42.6890,3.6000,2016-11-20T12:29:20,10.00,63,0
173.0908,-42.8262,3.7000,2016-11-20T00:22:22,10.00,63,0
173.9912,-41.9124,4.1000,2016-11-20T10:46:50,10.00,63,0
173.4579,-42.2941,3.7000,2016-11-20T21:44:17,10.00,63,0
174.1699,-41.7955,5.1000,2016-11-20T14:34:16,10.00,63,0
174.1234,-41.4346,3.6000,2016-11-20T16:59:03,10.00,63,0
174.0474,-41.9451,3.7000,2016-11-20T00:55:05,10.00,63,0
174.1426,-41.8116,4.2000,2016-11-20T15:18:58,10.00,63,0
174.2767,-41.7805,3.6000,2016-11-20T16:32:00,10.00,63,0
174.3626,-41.9849,4.0000,2016-11-20T17:40:40,10.00,63,0
174.2478,-41.4640,3.8000,2016-11-20T20:24:22,10.00,63,0
174.2866,-41.7642,4.5000,2016-11-20T18:02:52,10.00,63,0
174.2459,-41.7690,4.2000,2016-11-20T16:41:16,10.00,63,0
174.3580,-42.0094,4.4000,2016-11-20T20:11:40,10.00,63,0
174.3316,-42.0626,3.8000,2016-11-20T20:23:25,10.00,63,0
172.8430,-42.7072,3.7000,2016-11-20T21:48:31,10.00,64,0
173.8174,-41.9050,3.6000,2016-11-20T06:30:27,10.00,64,0
174.3116,-41.6978,3.9000,2016-11-20T03:29:28,10.00,64,0
173.6462,-42.2274,3.6000,2016-11-20T13:09:47,10.00,64,0
173.3202,-42.5203,4.1000,2016-11-20T12:36:06,10.00,64,0
174.3025,-41.6964,4.1000,2016-11-20T04:02:49,10.00,64,0
174.3289,-41.7223,3.8000,2016-11-20T04:34:00,10.00,64,0
172.8182,-42.7070,3.6000,2016-11-20T08:43:10,10.00,65,0
173.6683,-42.2818,6.5000,2016-11-20T14:10:57,10.00,65,0
174.5046,-41.5848,3.6000,2016-11-20T16:11:27,10.00,65,0
172.7792,-42.8023,3.7000,2016-11-20T08:46:49,10.00,65,0
173.4260,-42.3647,4.0000,2016-11-20T14:35:32,10.00,65,0
173.7596,-42.2986,3.7000,2016-11-20T14:13:55,10.00,65,0
173.6011,-42.2342,3.6000,2016-11-20T18:05:24,10.00,65,0
173.7236,-42.2518,4.0000,2016-11-20T14:14:16,10.00,65,0
173.6220,-42.2221,3.6000,2016-11-20T14:26:22,10.00,65,0
173.5724,-42.5343,3.6000,2016-11-20T14:17:39,10.00,65,0
173.7255,-42.3042,4.3000,2016-11-20T15:43:45,10.00,65,0
173.8990,-42.4119,3.7000,2016-11-20T14:17:54,10.00,65,0
173.7776,-42.3050,4.3000,2016-11-20T14:49:23,10.00,65,0
174.4981,-41.5783,3.9000,2016-11-20T22:35:25,10.00,65,0
172.7748,-42.8122,3.7000,2016-11-20T09:03:37,10.00,65,0
173.6633,-42.2815,3.6000,2016-11-20T18:53:46,10.00,65,0
173.6663,-42.0580,3.8000,2016-11-20T16:56:35,10.00,65,0
173.7394,-42.3401,3.8000,2016-11-20T15:50:04,10.00,65,0
172.7921,-42.7620,4.3000,2016-11-20T09:48:09,10.00,65,0
173.6683,-42.2631,4.3000,2016-11-20T19:16:11,10.00,65,0
172.8202,-42.3345,3.7000,2016-11-20T17:13:00,10.00,66,0
174.2981,-41.6853,3.9000,2016-11-20T10:44:21,10.00,66,0
173.8100,-42.2564,3.6000,2016-11-20T22:31:29,10.00,66,0
174.0833,-42.1366,5.0000,2016-11-20T20:45:02,10.00,66,0
174.0580,-42.1346,3.7000,2016-11-20T21:45:22,10.00,66,0
174.1424,-42.0949,3.7000,2016-11-20T20:46:35,10.00,66,0
173.0865,-42.5639,3.9000,2016-11-20T09:19:29,10.00,67,0
173.3590,-42.5923,3.7000,2016-11-20T09:01:58,10.00,67,0
173.3951,-42.3579,3.6000,2016-11-20T15:03:46,10.00,67,0
173.8371,-42.2536,3.7000,2016-11-20T21:49:24,10.00,67,0
173.3801,-42.3933,4.0000,2016-11-20T20:12:58,10.00,68,0
174.3523,-41.7530,3.8000,2016-11-20T03:51:39,10.00,68,0
174.2216,-41.9030,4.6000,2016-11-20T03:09:29,10.00,68,0
174.3221,-41.7958,3.9000,2016-11-20T21:34:39,10.00,68,0
173.8699,-42.0890,3.7000,2016-11-20T22:42:44,10.00,68,0
174.0176,-41.9699,3.6000,2016-11-20T03:40:58,10.00,68,0
173.8474,-42.0543,4.0000,2016-11-20T22:46:47,10.00,68,0
173.9434,-41.9754,3.8000,2016-11-20T07:12:42,10.00,68,0
173.7883,-41.8639,3.8000,2016-11-20T07:45:08,10.00,68,0
173.0533,-42.6817,3.8000,2016-11-20T23:14:21,10.00,69,0
173.4469,-42.1051,4.5000,2016-11-20T08:38:00,10.00,69,0
174.0733,-41.7355,4.4000,2016-11-20T14:16:59,10.00,69,0
173.0567,-41.7856,3.7000,2016-11-20T20:44:01,10.00,69,0
174.3353,-41.6937,4.2000,2016-11-20T19:22:27,10.00,69,0
172.9407,-42.6143,5.9000,2016-11-20T01:43:04,10.00,70,0
173.7747,-42.0363,4.6000,2016-11-20T15:07:37,10.00,70,0
174.2714,-41.7460,3.9000,2016-11-20T11:37:57,10.00,70,0
174.1966,-41.6461,3.9000,2016-11-20T07:30:39,10.00,70,0
172.9922,-42.9151,4.1000,2016-11-20T01:59:29,10.00,70,0
173.0207,-42.6441,3.8000,2016-11-20T06:41:02,10.00,70,0
172.9699,-42.6168,3.8000,2016-11-20T20:47:38,10.00,70,0
173.1027,-42.6006,3.6000,2016-11-20T13:40:40,10.00,70,0
172.9011,-42.5945,4.6000,2016-11-20T03:30:00,10.00,70,0
173.0610,-42.4945,3.6000,2016-11-20T02:49:39,10.00,70,0
172.6967,-42.8486,4.1000,2016-11-20T01:47:42,10.00,70,0
173.7656,-42.0488,4.3000,2016-11-20T18:20:27,10.00,70,0
174.1425,-41.4657,3.9000,2016-11-20T07:55:26,10.00,70,0
173.0279,-42.6398,3.9000,2016-11-20T06:41:54,10.00,70,0
173.0083,-42.4745,3.7000,2016-11-20T03:44:09,10.00,70,0
173.0008,-42.6163,4.1000,2016-11-20T03:34:56,10.00,70,0
173.0405,-42.7250,3.9000,2016-11-20T07:37:43,10.00,70,0
173.0333,-42.6973,3.8000,2016-11-20T07:56:08,10.00,70,0
173.6762,-42.2427,4.1000,2016-11-20T14:57:16,10.00,71,0
173.5901,-42.1740,4.5000,2016-11-20T03:40:34,10.00,71,0
173.8032,-42.3567,3.7000,2016-11-20T08:32:09,10.00,71,0
172.8046,-42.6506,3.7000,2016-11-20T23:31:31,10.00,71,0
173.2971,-42.4688,3.7000,2016-11-20T12:57:52,10.00,71,0
173.8459,-42.2909,4.0000,2016-11-20T18:28:02,10.00,71,0
174.2103,-41.7153,4.0000,2016-11-20T02:57:13,10.00,71,0
173.6111,-42.2013,4.0000,2016-11-20T10:42:07,10.00,71,0
173.7277,-42.3439,3.8000,2016-11-20T09:47:00,10.00,71,0
173.3153,-42.4438,3.6000,2016-11-20T13:57:36,10.00,71,0
173.3349,-42.4010,4.2000,2016-11-20T20:08:57,10.00,71,0
173.3267,-42.4729,3.6000,2016-11-20T14:05:51,10.00,71,0
173.3271,-42.4462,4.4000,2016-11-20T14:09:31,10.00,71,0
173.3451,-42.4514,3.6000,2016-11-20T14:13:44,10.00,71,0
173.6951,-42.2378,4.1000,2016-11-20T02:03:47,10.00,72,0
173.0072,-42.6286,3.8000,2016-11-20T05:25:08,10.00,72,0
174.0401,-41.9341,3.9000,2016-11-20T20:23:04,10.00,73,0
174.2401,-41.6863,3.8000,2016-11-20T13:33:53,10.00,73,0
173.4010,-42.6792,3.8000,2016-11-20T01:02:22,10.00,74,0
174.0143,-41.8123,3.9000,2016-11-20T05:25:19,10.00,74,0
174.0093,-41.8940,4.8000,2016-11-20T13:44:43,10.00,74,0
173.2790,-42.4461,3.6000,2016-11-20T16:56:37,10.00,74,0
173.8752,-41.8734,4.0000,2016-11-20T01:18:46,10.00,74,0
172.4842,-43.0673,3.6000,2016-11-20T06:19:58,10.00,75,0
173.6352,-42.2855,3.8000,2016-11-20T12:16:18,10.00,75,0
174.0530,-41.7048,3.6000,2016-11-20T22:39:14,10.00,75,0
174.1852,-41.7526,3.7000,2016-11-20T05:25:55,10.00,75,0
173.7150,-42.2723,3.6000,2016-11-20T12:17:54,10.00,75,0
174.2205,-41.7196,3.9000,2016-11-20T15:17:27,10.00,75,0
173.3269,-42.4679,5.5000,2016-11-20T17:40:39,10.00,75,0
174.1308,-41.7873,4.3000,2016-11-20T05:37:04,10.00,75,0
173.3365,-42.5252,3.6000,2016-11-20T17:42:56,10.00,75,0
173.2195,-42.4708,5.6000,2016-11-20T17:40:43,10.00,75,0
173.3422,-42.4523,3.8000,2016-11-20T17:41:48,10.00,75,0
173.3346,-42.5210,3.6000,2016-11-20T17:53:42,10.00,75,0
173.0695,-42.5608,4.9000,2016-11-20T18:21:52,10.00,75,0
173.4058,-42.4990,4.2000,2016-11-20T23:34:54,10.00,75,0
173.1640,-42.5961,3.6000,2016-11-20T18:20:27,10.00,75,0
173.3225,-42.5067,3.9000,2016-11-20T21:18:10,10.00,75,0
173.0732,-42.5503,3.6000,2016-11-20T22:10:55,10.00,75,0
173.4459,-42.2362,3.8000,2016-11-20T19:37:24,10.00,76,0
173.7848,-42.3542,3.6000,2016-11-20T02:11:21,10.00,76,0
173.3927,-42.4372,3.8000,2016-11-20T21:57:02,10.00,76,0
172.9731,-42.6953,4.1000,2016-11-20T23:34:02,10.00,76,0
174.2042,-42.2469,3.8000,2016-11-20T23:02:49,10.00,76,0
173.4097,-42.2167,3.7000,2016-11-20T19:56:45,10.00,76,0
173.0338,-42.7105,4.4000,2016-11-20T23:39:22,10.00,76,0
174.2801,-41.7588,4.1000,2016-11-20T16:29:32,10.00,77,0
172.8237,-42.6238,3.9000,2016-11-20T18:26:03,10.00,77,0
174.2117,-41.7871,3.6000,2016-11-20T10:51:33,10.00,77,0
173.3307,-42.5168,3.9000,2016-11-20T20:47:23,10.00,78,0
173.7093,-42.4411,4.1000,2016-11-20T14:34:06,10.00,78,0
172.8047,-42.5636,3.6000,2016-11-20T15:39:42,10.00,78,0
173.1609,-42.4695,3.6000,2016-11-20T22:07:44,10.00,78,0
174.2706,-41.7358,3.8000,2016-11-20T01:09:37,10.00,78,0
173.4823,-42.3031,3.6000,2016-11-20T00:46:41,10.00,78,0
174.2679,-41.7637,3.8000,2016-11-20T11:23:44,10.00,78,0
172.9801,-42.5045,3.8000,2016-11-20T21:34:34,10.00,78,0
173.5707,-42.3147,3.6000,2016-11-20T00:51:10,10.00,78,0
173.5806,-42.3300,3.7000,2016-11-20T00:56:56,10.00,78,0
173.5583,-42.3171,4.2000,2016-11-20T01:24:40,10.00,78,0
173.5695,-42.3408,3.6000,2016-11-20T05:14:52,10.00,78,0
173.5979,-42.3529,3.6000,2016-11-20T05:17:47,10.00,78,0
173.0981,-42.4963,3.6000,2016-11-20T07:20:08,10.00,79,0
173.8918,-42.2938,3.7000,2016-11-20T12:00:29,10.00,79,0
174.2955,-41.7113,4.5000,2016-11-20T12:21:23,10.00,79,0
172.9335,-42.8044,3.7000,2016-11-20T14:19:21,10.00,80,0
174.1339,-41.7087,4.5000,2016-11-20T21:07:06,10.00,80,0
173.9124,-42.1895,3.6000,2016-11-20T16:58:45,10.00,80,0
173.8855,-42.3405,3.6000,2016-11-20T01:23:14,10.00,80,0
174.1466,-41.6824,3.6000,2016-11-20T23:36:34,10.00,80,0
173.1534,-42.6615,4.2000,2016-11-20T03:54:21,10.00,81,0
173.6626,-42.2187,3.6000,2016-11-20T07:42:10,10.00,81,0
173.9847,-41.8668,4.2000,2016-11-20T13:44:27,10.00,81,0
173.7201,-42.1203,3.6000,2016-11-20T06:20:41,10.00,81,0
173.1651,-42.6527,3.7000,2016-11-20T06:01:38,10.00,81,0
173.1294,-42.6753,3.7000,2016-11-20T05:38:06,10.00,81,0
173.9737,-42.5063,4.1000,2016-11-20T16:11:57,10.00,82,0
173.6921,-42.0134,4.1000,2016-11-20T04:06:06,10.00,82,0
173.2962,-42.4829,3.6000,2016-11-20T01:00:26,10.00,82,0
173.9431,-42.5071,5.2000,2016-11-20T16:12:42,10.00,82,0
173.8251,-42.1673,3.9000,2016-11-20T01:05:27,10.00,83,0
174.1279,-41.6802,4.0000,2016-11-20T02:40:01,10.00,83,0
174.3152,-41.7127,5.3000,2016-11-20T12:17:40,10.00,83,0
173.6466,-42.2561,4.1000,2016-11-20T11:24:00,10.00,83,0
174.3694,-41.6604,3.6000,2016-11-20T13:17:45,10.00,83,0
173.7397,-42.5522,3.6000,2016-11-20T16:31:44,10.00,84,0
174.3134,-41.6872,3.7000,2016-11-20T10:38:32,10.00,84,0
173.3309,-42.9809,4.8000,2016-11-20T02:28:32,10.00,85,0
173.5050,-43.0175,4.0000,2016-11-20T14:20:12,10.00,85,0
174.2632,-41.7357,4.2000,2016-11-20T03:46:37,10.00,85,0
173.5475,-42.3145,3.6000,2016-11-20T18:17:41,10.00,85,0
173.3255,-42.9575,3.6000,2016-11-20T02:39:18,10.00,85,0
173.6113,-42.8366,4.1000,2016-11-20T14:45:45,10.00,85,0
173.5296,-43.0006,4.4000,2016-11-20T14:58:12,10.00,85,0
173.5375,-42.3066,3.7000,2016-11-20T18:22:24,10.00,85,0
173.5867,-42.8325,3.6000,2016-11-20T14:50:22,10.00,85,0
173.5438,-42.8093,3.9000,2016-11-20T14:49:41,10.00,85,0
173.5222,-43.0235,3.9000,2016-11-20T19:58:48,10.00,85,0
175.0980,-40.7191,3.6000,2016-11-20T14:20:31,10.00,86,0
175.1293,-40.7083,4.1000,2016-11-20T22:37:23,10.00,86,0
173.0375,-42.5412,3.6000,2016-11-20T15:50:10,10.00,86,0
173.8554,-42.4943,4.3000,2016-11-20T11:46:55,10.00,86,0
173.6729,-42.2236,4.0000,2016-11-20T23:20:48,10.00,86,0
172.9227,-42.6845,3.7000,2016-11-20T17:36:14,10.00,86,0
173.4507,-42.4719,3.6000,2016-11-20T23:45:47,10.00,86,0
174.2145,-41.9542,3.9000,2016-11-20T07:29:42,10.00,86,0
172.9705,-42.5614,5.5000,2016-11-20T16:20:10,10.00,86,0
173.9213,-42.4092,4.8000,2016-11-20T08:17:32,10.00,86,0
174.0431,-41.9096,3.7000,2016-11-20T08:27:06,10.00,86,0
172.9819,-42.6814,3.8000,2016-11-20T17:48:25,10.00,86,0
174.2094,-41.9760,3.7000,2016-11-20T07:39:48,10.00,86,0
173.0987,-42.5310,3.8000,2016-11-20T18:26:27,10.00,86,0
173.9372,-42.2567,3.7000,2016-11-20T08:53:22,10.00,86,0
174.0666,-41.9207,3.9000,2016-11-20T13:40:11,10.00,86,0
174.0214,-41.9203,3.7000,2016-11-20T09:19:00,10.00,86,0
173.0148,-42.6450,5.3000,2016-11-20T17:51:01,10.00,86,0
173.0053,-42.6847,3.7000,2016-11-20T17:52:48,10.00,86,0
172.9905,-42.7189,4.2000,2016-11-20T18:08:19,10.00,86,0
172.9697,-42.7007,3.7000,2016-11-20T18:11:07,10.00,86,0
172.9839,-42.6929,3.6000,2016-11-20T18:14:09,10.00,86,0
172.8526,-42.8460,4.7000,2016-11-20T20:30:46,10.00,86,0
172.9734,-42.6980,3.6000,2016-11-20T20:37:22,10.00,86,0
172.9629,-42.7058,4.0000,2016-11-20T18:15:36,10.00,86,0
172.8661,-42.8686,3.6000,2016-11-20T20:32:47,10.00,86,0
173.0801,-42.7130,3.6000,2016-11-20T02:02:38,10.00,87,0
173.1358,-42.7370,3.8000,2016-11-20T07:05:44,10.00,87,0
173.3704,-42.5684,4.3000,2016-11-20T13:55:41,10.00,87,0
173.2535,-42.4101,4.4000,2016-11-20T21:01:58,10.00,87,0
173.0891,-42.7077,4.2000,2016-11-20T02:25:13,10.00,87,0
173.3791,-42.5539,4.1000,2016-11-20T14:23:27,10.00,87,0
173.0756,-42.6883,4.8000,2016-11-20T19:50:26,10.00,87,0
172.9935,-42.6919,3.9000,2016-11-20T03:28:10,10.00,87,0
173.4617,-42.5732,5.0000,2016-11-20T14:42:24,10.00,87,0
173.0512,-42.7249,4.0000,2016-11-20T22:29:21,10.00,87,0
173.0724,-42.7276,3.7000,2016-11-20T20:48:51,10.00,87,0
173.5873,-43.0440,4.4000,2016-11-20T03:52:09,10.00,87,0
173.4818,-42.5734,3.9000,2016-11-20T14:42:47,10.00,87,0
172.7549,-43.0461,3.8000,2016-11-20T06:16:46,10.00,88,0
173.1651,-42.7004,4.2000,2016-11-20T10:59:46,10.00,88,0
172.8468,-42.5955,4.0000,2016-11-20T09:32:43,10.00,88,0
172.8444,-42.6652,4.1000,2016-11-20T15:22:02,10.00,88,0
174.9657,-41.4111,4.8000,2016-11-20T10:04:57,10.00,88,0
174.1766,-41.6793,3.6000,2016-11-20T21:21:43,10.00,88,0
173.1895,-42.7312,3.6000,2016-11-20T11:35:39,10.00,88,0
173.1065,-42.7083,3.8000,2016-11-20T11:04:07,10.00,88,0
172.7815,-42.6189,3.8000,2016-11-20T09:32:47,10.00,88,0
173.1335,-42.6910,3.6000,2016-11-20T12:39:43,10.00,88,0
173.9966,-41.9108,3.6000,2016-11-20T00:30:51,10.00,89,0
173.1226,-42.4115,3.8000,2016-11-20T02:57:03,10.00,89,0
173.3877,-42.5310,3.6000,2016-11-20T10:59:55,10.00,89,0
174.3458,-41.7785,3.8000,2016-11-20T19:42:25,10.00,89,0
172.8617,-42.6504,3.6000,2016-11-20T07:28:05,10.00,89,0
174.3630,-41.7932,3.6000,2016-11-20T21:50:13,10.00,89,0
172.7979,-42.6248,4.7000,2016-11-20T07:55:32,10.00,89,0
172.9048,-42.7108,4.3000,2016-11-20T07:29:35,10.00,89,0
172.8530,-42.7168,4.5000,2016-11-20T09:16:49,10.00,89,0
172.9230,-42.6327,3.6000,2016-11-20T20:20:30,10.00,90,0
172.8508,-42.6470,3.7000,2016-11-20T15:45:03,10.00,90,0
173.7677,-41.9506,3.7000,2016-11-20T12:39:54,10.00,90,0
173.7857,-42.2368,3.9000,2016-11-20T01:11:22,10.00,90,0
174.2104,-41.6885,3.6000,2016-11-20T19:59:27,10.00,90,0
174.1118,-42.3400,3.6000,2016-11-20T01:38:26,10.00,90,0
173.6379,-41.9917,4.3000,2016-11-20T15:13:27,10.00,90,0
173.6262,-41.9742,3.9000,2016-11-20T15:15:46,10.00,90,0
173.6107,-41.9609,4.5000,2016-11-20T15:16:14,10.00,90,0
173.0582,-42.6482,3.7000,2016-11-20T14:36:49,10.00,91,0
173.7300,-41.9683,3.6000,2016-11-20T23:17:13,10.00,91,0
173.6383,-42.4879,3.7000,2016-11-20T02:02:14,10.00,91,0
173.5565,-42.4870,4.3000,2016-11-20T06:44:34,10.00,91,0
173.6383,-42.2342,3.9000,2016-11-20T22:30:17,10.00,91,0
173.9451,-42.2146,3.8000,2016-11-20T13:40:14,10.00,91,0
174.2536,-41.7177,3.6000,2016-11-20T13:20:48,10.00,91,0
173.3210,-42.5389,3.6000,2016-11-20T04:41:07,10.00,91,0
173.0044,-43.4392,3.9000,2016-11-20T20:24:12,10.00,91,0
173.7377,-41.9858,3.8000,2016-11-20T23:23:03,10.00,91,0
173.4010,-42.5393,3.9000,2016-11-20T06:45:55,10.00,91,0
174.3968,-42.0430,4.2000,2016-11-20T17:07:47,10.00,91,0
173.3132,-42.5733,4.2000,2016-11-20T05:04:04,10.00,91,0
173.3889,-42.5646,4.8000,2016-11-20T12:42:53,10.00,91,0
174.3905,-42.0689,4.2000,2016-11-20T18:22:52,10.00,91,0
173.0830,-42.5227,3.7000,2016-11-20T12:43:15,10.00,91,0
173.3659,-42.5325,4.4000,2016-11-20T14:27:52,10.00,91,0
173.3381,-42.5562,3.9000,2016-11-20T13:35:12,10.00,91,0
173.7941,-42.4247,3.6000,2016-11-20T10:07:54,10.00,92,0
173.6171,-42.2513,4.2000,2016-11-20T15:23:13,10.00,92,0
174.0801,-41.5394,4.4000,2016-11-20T10:48:16,10.00,92,0
173.3075,-42.9118,3.9000,2016-11-20T21:51:46,10.00,92,0
174.0947,-41.5441,4.1000,2016-11-20T10:50:13,10.00,92,0
174.1319,-41.5921,3.9000,2016-11-20T11:03:20,10.00,92,0
173.0786,-42.6760,3.9000,2016-11-20T10:47:24,10.00,93,0
172.9484,-42.8512,3.9000,2016-11-20T08:05:44,10.00,93,0
172.7068,-42.9814,3.8000,2016-11-20T01:44:15,10.00,93,0
173.8135,-42.1702,4.7000,2016-11-20T18:22:51,10.00,93,0
174.2650,-41.7185,4.2000,2016-11-20T21:01:38,10.00,93,0
174.3127,-41.7763,3.6000,2016-11-20T10:58:22,10.00,93,0
173.6730,-42.3891,3.8000,2016-11-20T00:41:21,10.00,93,0
172.9437,-42.8471,3.8000,2016-11-20T16:44:07,10.00,93,0
173.7701,-42.1919,4.4000,2016-11-20T18:56:21,10.00,93,0
173.6760,-42.0062,3.9000,2016-11-20T18:23:17,10.00,93,0
173.7561,-42.1911,4.3000,2016-11-20T19:03:14,10.00,93,0
173.7853,-42.4602,3.6000,2016-11-20T07:06:59,10.00,94,0
173.9542,-42.2922,3.6000,2016-11-20T04:22:54,10.00,94,0
174.1144,-41.6961,4.6000,2016-11-20T06:17:25,10.00,94,0
173.9059,-42.2909,5.1000,2016-11-20T04:26:34,10.00,94,0
174.4080,-41.1390,3.6000,2016-11-20T07:06:38,10.00,94,0
173.2752,-42.8780,4.1000,2016-11-20T02:49:59,10.00,95,0
174.2967,-41.7626,3.6000,2016-11-20T17:07:57,10.00,95,0
174.0684,-41.7468,4.4000,2016-11-20T18:05:00,10.00,95,0
174.2921,-41.2902,3.6000,2016-11-20T12:54:30,10.00,95,0
173.3052,-42.8857,4.2000,2016-11-20T03:50:45,10.00,95,0
173.2584,-42.8964,3.9000,2016-11-20T02:51:43,10.00,95,0
173.7190,-41.9327,3.7000,2016-11-20T20:34:08,10.00,96,0
173.0034,-42.6311,3.8000,2016-11-20T06:34:58,10.00,96,0
174.2544,-41.7257,3.9000,2016-11-20T09:21:12,10.00,96,0
173.6975,-41.9598,3.9000,2016-11-20T20:43:38,10.00,96,0
173.5674,-42.1357,4.7000,2016-11-20T12:23:28,10.00,97,0
174.3427,-41.7834,4.6000,2016-11-20T10:13:41,10.00,98,0
174.3868,-41.7942,4.0000,2016-11-20T11:08:15,10.00,98,0
173.2305,-42.8415,3.7000,2016-11-20T23:11:36,10.00,99,0
173.1368,-42.8600,4.1000,2016-11-20T03:52:41,10.00,99,0
173.0268,-42.8186,3.7000,2016-11-20T22:57:37,10.00,99,0
172.9962,-42.6256,3.6000,2016-11-20T10:26:04,10.00,99,0
173.3920,-42.2378,4.4000,2016-11-20T09:57:37,10.00,99,0
174.2269,-41.7841,3.7000,2016-11-20T02:30:19,10.00,99,0
174.2171,-41.7282,3.7000,2016-11-20T15:34:27,10.00,99,0
173.0856,-42.5031,3.7000,2016-11-20T11:14:04,10.00,99,0
173.3825,-42.2282,4.0000,2016-11-20T09:58:06,10.00,99,0
173.2924,-42.2530,4.8000,2016-11-20T10:59:43,10.00,99,0
173.3192,-42.2391,3.9000,2016-11-20T11:18:12,10.00,99,0
